<!DOCTYPE hibernate-mapping PUBLIC "-//Hibernate/Hibernate Mapping DTD 3.0//EN" "http://hibernate.sourceforge.net/hibernate-mapping-3.0.dtd">
<hibernate-mapping>
    <class name="com.aprendoz_desarrollodb.data.VistaPersonasGrupoFamiliar" table="vista_personas_grupo_familiar" catalog="aprendoz_desarrollo" dynamic-insert="false" dynamic-update="false">
        <composite-id name="id" class="com.aprendoz_desarrollodb.data.VistaPersonasGrupoFamiliarId">
            <key-property name="personaIdPersona" type="integer">
                <column name="Persona_Id_Persona"/>
            </key-property>
            <key-property name="grupoFamiliarIdGrupoFamiliar" type="integer">
                <column name="Grupo_familiar_Id_Grupo_Familiar"/>
            </key-property>
            <key-property name="tipoPersonaIdTipoPersona" type="integer">
                <column name="Tipo_Persona_Id_Tipo_Persona"/>
            </key-property>
            <key-property name="responsable" type="boolean">
                <column name="responsable"/>
            </key-property>
            <key-property name="idPersona" type="integer">
                <column name="Id_Persona"/>
            </key-property>
            <key-property name="nombreLdap" type="string">
                <column name="Nombre_LDAP" length="45"/>
            </key-property>
            <key-property name="apellido1" type="string">
                <column name="Apellido1" length="45"/>
            </key-property>
            <key-property name="apellido2" type="string">
                <column name="Apellido2" length="45"/>
            </key-property>
            <key-property name="nombre1" type="string">
                <column name="Nombre1" length="45"/>
            </key-property>
            <key-property name="nombre2" type="string">
                <column name="Nombre2" length="45"/>
            </key-property>
            <key-property name="codigo" type="string">
                <column name="Codigo" length="45"/>
            </key-property>
            <key-property name="idGrupoFamiliar" type="integer">
                <column name="ID_Grupo_Familiar"/>
            </key-property>
            <key-property name="grupoFamiliar" type="string">
                <column name="Grupo_Familiar" length="45"/>
            </key-property>
            <key-property name="idTipoPersona" type="integer">
                <column name="Id_Tipo_Persona"/>
            </key-property>
            <key-property name="clave" type="string">
                <column name="Clave" length="45"/>
            </key-property>
        </composite-id>
    </class>
</hibernate-mapping>