<?xml version="1.0" encoding="UTF-8" standalone="yes"?>
<beans xsi:schemaLocation="http://schema.cloudfoundry.org/spring http://schema.cloudfoundry.org/spring/cloudfoundry-spring-0.8.xsd http://www.springframework.org/schema/beans http://www.springframework.org/schema/beans/spring-beans-3.1.xsd" xmlns="http://www.springframework.org/schema/beans" xmlns:cloud="http://schema.cloudfoundry.org/spring" xmlns:xsi="http://www.w3.org/2001/XMLSchema-instance">
    <bean class="com.wavemaker.runtime.service.TypeManager" parent="typeManagerBase" scope="singleton" id="typeManager">
        <property name="types">
            <map merge="true">
                <entry key="aprendoz_desarrolloDB">
                    <list>
                        <value>com.aprendoz_desarrollodb.data.AccAuthorization</value>
                        <value>com.aprendoz_desarrollodb.data.AccStudentCard</value>
                        <value>com.aprendoz_desarrollodb.data.AccStudentCardAuthorization</value>
                        <value>com.aprendoz_desarrollodb.data.Actividad</value>
                        <value>com.aprendoz_desarrollodb.data.ActualizacionDatosPersona</value>
                        <value>com.aprendoz_desarrollodb.data.ActualizacionGrupoFamiliar</value>
                        <value>com.aprendoz_desarrollodb.data.AdministracionVistaAsignaturas</value>
                        <value>com.aprendoz_desarrollodb.data.AdministracionVistaAsignaturasCurso</value>
                        <value>com.aprendoz_desarrollodb.data.AdministracionVistaInscAlumAsig</value>
                        <value>com.aprendoz_desarrollodb.data.AdministracionVistaInscAlumnCurso</value>
                        <value>com.aprendoz_desarrollodb.data.AdministracionVistaPersonas</value>
                        <value>com.aprendoz_desarrollodb.data.Anticipos</value>
                        <value>com.aprendoz_desarrollodb.data.Anuncio</value>
                        <value>com.aprendoz_desarrollodb.data.AprEsperados</value>
                        <value>com.aprendoz_desarrollodb.data.AprLogrados</value>
                        <value>com.aprendoz_desarrollodb.data.Aprendizaje</value>
                        <value>com.aprendoz_desarrollodb.data.Area</value>
                        <value>com.aprendoz_desarrollodb.data.Asignatura</value>
                        <value>com.aprendoz_desarrollodb.data.Asistencia</value>
                        <value>com.aprendoz_desarrollodb.data.BimestreSy</value>
                        <value>com.aprendoz_desarrollodb.data.BisUsers</value>
                        <value>com.aprendoz_desarrollodb.data.CafeteriaGartinuras</value>
                        <value>com.aprendoz_desarrollodb.data.CafeteriaMenu</value>
                        <value>com.aprendoz_desarrollodb.data.CafeteriaPostres</value>
                        <value>com.aprendoz_desarrollodb.data.CafeteriaProteina</value>
                        <value>com.aprendoz_desarrollodb.data.CafeteriaSopas</value>
                        <value>com.aprendoz_desarrollodb.data.CafeteriaTipoOpcion</value>
                        <value>com.aprendoz_desarrollodb.data.CalifEst</value>
                        <value>com.aprendoz_desarrollodb.data.CalifEstCopy</value>
                        <value>com.aprendoz_desarrollodb.data.CalificacionFinal</value>
                        <value>com.aprendoz_desarrollodb.data.Cargos</value>
                        <value>com.aprendoz_desarrollodb.data.Coordinacion</value>
                        <value>com.aprendoz_desarrollodb.data.CoordinacionDeGrupo</value>
                        <value>com.aprendoz_desarrollodb.data.Coordinadores</value>
                        <value>com.aprendoz_desarrollodb.data.CortesAnuales</value>
                        <value>com.aprendoz_desarrollodb.data.Costos</value>
                        <value>com.aprendoz_desarrollodb.data.Cronograma</value>
                        <value>com.aprendoz_desarrollodb.data.CurriculoGrado</value>
                        <value>com.aprendoz_desarrollodb.data.Curso</value>
                        <value>com.aprendoz_desarrollodb.data.Davivienda</value>
                        <value>com.aprendoz_desarrollodb.data.DaviviendaCopy</value>
                        <value>com.aprendoz_desarrollodb.data.DimensionComprension</value>
                        <value>com.aprendoz_desarrollodb.data.DimensionCurricular</value>
                        <value>com.aprendoz_desarrollodb.data.DirectoresDocentesListadoReportes</value>
                        <value>com.aprendoz_desarrollodb.data.DocentesAsistenciaAsistencias</value>
                        <value>com.aprendoz_desarrollodb.data.DocentesInicioVistaDetallesAcceso</value>
                        <value>com.aprendoz_desarrollodb.data.DocentesInscCursoAsignatura</value>
                        <value>com.aprendoz_desarrollodb.data.DocentesVistaAprendizajesAsignatura</value>
                        <value>com.aprendoz_desarrollodb.data.DocentesVistaAsignaturaGrado</value>
                        <value>com.aprendoz_desarrollodb.data.DocentesVistaAsignaturas</value>
                        <value>com.aprendoz_desarrollodb.data.DocentesVistaCalificacionFinal</value>
                        <value>com.aprendoz_desarrollodb.data.DocentesVistaDristribucionAlumnosCursos</value>
                        <value>com.aprendoz_desarrollodb.data.DocentesVistaInscAlumnAsig</value>
                        <value>com.aprendoz_desarrollodb.data.DocentesVistaInscAlumnAsigDemografica</value>
                        <value>com.aprendoz_desarrollodb.data.DocentesVistaPersonasDemografica</value>
                        <value>com.aprendoz_desarrollodb.data.Educom</value>
                        <value>com.aprendoz_desarrollodb.data.Eje</value>
                        <value>com.aprendoz_desarrollodb.data.EstadoDepartamento</value>
                        <value>com.aprendoz_desarrollodb.data.EventualidadPersonas</value>
                        <value>com.aprendoz_desarrollodb.data.Eventualidades</value>
                        <value>com.aprendoz_desarrollodb.data.FichaMedica</value>
                        <value>com.aprendoz_desarrollodb.data.Formulario5a</value>
                        <value>com.aprendoz_desarrollodb.data.Grado</value>
                        <value>com.aprendoz_desarrollodb.data.GrupoFamiliar</value>
                        <value>com.aprendoz_desarrollodb.data.Horario</value>
                        <value>com.aprendoz_desarrollodb.data.ImportacionAlumnosTransporte</value>
                        <value>com.aprendoz_desarrollodb.data.ImportacionCartera</value>
                        <value>com.aprendoz_desarrollodb.data.ImportacionCarteraCopy</value>
                        <value>com.aprendoz_desarrollodb.data.ImportacionDavivienda</value>
                        <value>com.aprendoz_desarrollodb.data.ImportacionDaviviendaCopy2</value>
                        <value>com.aprendoz_desarrollodb.data.ImportacionDaviviendaCopy3</value>
                        <value>com.aprendoz_desarrollodb.data.ImportacionDaviviendaCopy4</value>
                        <value>com.aprendoz_desarrollodb.data.ImportacionDaviviendaCopy5</value>
                        <value>com.aprendoz_desarrollodb.data.ImportacionDaviviendaCopy6</value>
                        <value>com.aprendoz_desarrollodb.data.ImportacionDaviviendaFaltantes</value>
                        <value>com.aprendoz_desarrollodb.data.ImportadorSapiens</value>
                        <value>com.aprendoz_desarrollodb.data.InscAlumActividad</value>
                        <value>com.aprendoz_desarrollodb.data.InscAlumAprendizaje</value>
                        <value>com.aprendoz_desarrollodb.data.InscAlumAsig</value>
                        <value>com.aprendoz_desarrollodb.data.InscAlumAsigCopy</value>
                        <value>com.aprendoz_desarrollodb.data.InscAlumAsigCopy2</value>
                        <value>com.aprendoz_desarrollodb.data.InscAlumAsigCurso</value>
                        <value>com.aprendoz_desarrollodb.data.InscAlumAsigCursoCompleto</value>
                        <value>com.aprendoz_desarrollodb.data.InscAlumCosto</value>
                        <value>com.aprendoz_desarrollodb.data.InscAlumCurso</value>
                        <value>com.aprendoz_desarrollodb.data.InscAlumExtraCurricular</value>
                        <value>com.aprendoz_desarrollodb.data.InscComentariosAlumnos</value>
                        <value>com.aprendoz_desarrollodb.data.InscCoordinadoresCurso</value>
                        <value>com.aprendoz_desarrollodb.data.InscCursoAsig</value>
                        <value>com.aprendoz_desarrollodb.data.InscDirectorNivel</value>
                        <value>com.aprendoz_desarrollodb.data.InscPersonaEduCom</value>
                        <value>com.aprendoz_desarrollodb.data.InscPersonaGrupoFamiliar</value>
                        <value>com.aprendoz_desarrollodb.data.InscipcionesVistaAsignaturas</value>
                        <value>com.aprendoz_desarrollodb.data.InscripcionesVistaInscAlumnCurso</value>
                        <value>com.aprendoz_desarrollodb.data.Inteligencia</value>
                        <value>com.aprendoz_desarrollodb.data.LogDocentes</value>
                        <value>com.aprendoz_desarrollodb.data.LogEventos</value>
                        <value>com.aprendoz_desarrollodb.data.LogIngresoCarne</value>
                        <value>com.aprendoz_desarrollodb.data.Logeventosaprendoz</value>
                        <value>com.aprendoz_desarrollodb.data.Matricula</value>
                        <value>com.aprendoz_desarrollodb.data.Nacionalidades</value>
                        <value>com.aprendoz_desarrollodb.data.Nivel</value>
                        <value>com.aprendoz_desarrollodb.data.NivelEsperado</value>
                        <value>com.aprendoz_desarrollodb.data.OtrasMetas</value>
                        <value>com.aprendoz_desarrollodb.data.PadresVistaActividades</value>
                        <value>com.aprendoz_desarrollodb.data.PadresVistaAprendizajes</value>
                        <value>com.aprendoz_desarrollodb.data.PadresVistaCalifFinal</value>
                        <value>com.aprendoz_desarrollodb.data.PadresVistaInscAlumAsig</value>
                        <value>com.aprendoz_desarrollodb.data.PadresVistaPersonas</value>
                        <value>com.aprendoz_desarrollodb.data.PadresVistaPersonasPromocion</value>
                        <value>com.aprendoz_desarrollodb.data.PadresVistaRecursos</value>
                        <value>com.aprendoz_desarrollodb.data.Pais</value>
                        <value>com.aprendoz_desarrollodb.data.Periodo</value>
                        <value>com.aprendoz_desarrollodb.data.Persona</value>
                        <value>com.aprendoz_desarrollodb.data.PersonaCarne</value>
                        <value>com.aprendoz_desarrollodb.data.Personal</value>
                        <value>com.aprendoz_desarrollodb.data.Promocion</value>
                        <value>com.aprendoz_desarrollodb.data.PromocionVistaInscAlumnCurso</value>
                        <value>com.aprendoz_desarrollodb.data.Recurso</value>
                        <value>com.aprendoz_desarrollodb.data.ReporteDavivienda</value>
                        <value>com.aprendoz_desarrollodb.data.Reportes</value>
                        <value>com.aprendoz_desarrollodb.data.ReportesDependencias</value>
                        <value>com.aprendoz_desarrollodb.data.ReportesTipoPersona</value>
                        <value>com.aprendoz_desarrollodb.data.Salon</value>
                        <value>com.aprendoz_desarrollodb.data.Semana</value>
                        <value>com.aprendoz_desarrollodb.data.ServiciosListadoServiciosAlumnos</value>
                        <value>com.aprendoz_desarrollodb.data.Sesion</value>
                        <value>com.aprendoz_desarrollodb.data.SesionNivel</value>
                        <value>com.aprendoz_desarrollodb.data.Subarea</value>
                        <value>com.aprendoz_desarrollodb.data.SubtipoEventualidad</value>
                        <value>com.aprendoz_desarrollodb.data.Subtopico</value>
                        <value>com.aprendoz_desarrollodb.data.Sy</value>
                        <value>com.aprendoz_desarrollodb.data.TestPorcentajes</value>
                        <value>com.aprendoz_desarrollodb.data.TipoActividad</value>
                        <value>com.aprendoz_desarrollodb.data.TipoAsistencia</value>
                        <value>com.aprendoz_desarrollodb.data.TipoCosto</value>
                        <value>com.aprendoz_desarrollodb.data.TipoDependencia</value>
                        <value>com.aprendoz_desarrollodb.data.TipoDesempeno</value>
                        <value>com.aprendoz_desarrollodb.data.TipoDia</value>
                        <value>com.aprendoz_desarrollodb.data.TipoEps</value>
                        <value>com.aprendoz_desarrollodb.data.TipoEventualidad</value>
                        <value>com.aprendoz_desarrollodb.data.TipoFalla</value>
                        <value>com.aprendoz_desarrollodb.data.TipoInscAsig</value>
                        <value>com.aprendoz_desarrollodb.data.TipoLugar</value>
                        <value>com.aprendoz_desarrollodb.data.TipoPeriodo</value>
                        <value>com.aprendoz_desarrollodb.data.TipoPersona</value>
                        <value>com.aprendoz_desarrollodb.data.TipoRecurso</value>
                        <value>com.aprendoz_desarrollodb.data.TipoSemana</value>
                        <value>com.aprendoz_desarrollodb.data.TipoSolicitud</value>
                        <value>com.aprendoz_desarrollodb.data.TipoTransporte</value>
                        <value>com.aprendoz_desarrollodb.data.TipoValoracion</value>
                        <value>com.aprendoz_desarrollodb.data.TmpBoletin20122013</value>
                        <value>com.aprendoz_desarrollodb.data.TmpEnrLog</value>
                        <value>com.aprendoz_desarrollodb.data.TransporteIngresoRutas</value>
                        <value>com.aprendoz_desarrollodb.data.TransporteInscAlumTransporte</value>
                        <value>com.aprendoz_desarrollodb.data.TransporteNovedades</value>
                        <value>com.aprendoz_desarrollodb.data.TransporteRutas</value>
                        <value>com.aprendoz_desarrollodb.data.Unidad</value>
                        <value>com.aprendoz_desarrollodb.data.VProfesorAsignatura</value>
                        <value>com.aprendoz_desarrollodb.data.VProfesorAsignaturaCompleto</value>
                        <value>com.aprendoz_desarrollodb.data.VistaAlumnosActivos</value>
                        <value>com.aprendoz_desarrollodb.data.VistaAlumnosActivosPrejardinNuevos</value>
                        <value>com.aprendoz_desarrollodb.data.VistaDashboardAvanzadosYMagistrales</value>
                        <value>com.aprendoz_desarrollodb.data.VistaDashboardNoCalificados</value>
                        <value>com.aprendoz_desarrollodb.data.VistaEnvioCorreo</value>
                        <value>com.aprendoz_desarrollodb.data.VistaEventualidadesNotificaciones</value>
                        <value>com.aprendoz_desarrollodb.data.VistaEventualidadesNotificacionesFamilia</value>
                        <value>com.aprendoz_desarrollodb.data.VistaInscAlumnCurso</value>
                        <value>com.aprendoz_desarrollodb.data.VistaMatriculasGraficasTotalDia</value>
                        <value>com.aprendoz_desarrollodb.data.VistaPersonasGrupoFamiliar</value>
                        <value>com.aprendoz_desarrollodb.data.Vistaasistencia</value>
                        <value>com.aprendoz_desarrollodb.data.VistaasistenciaId</value>
                        <value>com.aprendoz_desarrollodb.data.AdministracionVistaInscAlumnCursoId</value>
                        <value>com.aprendoz_desarrollodb.data.CalifEstId</value>
                        <value>com.aprendoz_desarrollodb.data.AdministracionVistaInscAlumAsigId</value>
                        <value>com.aprendoz_desarrollodb.data.CurriculoGradoId</value>
                        <value>com.aprendoz_desarrollodb.data.InscripcionesVistaInscAlumnCursoId</value>
                        <value>com.aprendoz_desarrollodb.data.DirectoresDocentesListadoReportesId</value>
                        <value>com.aprendoz_desarrollodb.data.CalifEstCopyId</value>
                        <value>com.aprendoz_desarrollodb.data.AdministracionVistaAsignaturasCursoId</value>
                        <value>com.aprendoz_desarrollodb.data.VistaEventualidadesNotificacionesId</value>
                        <value>com.aprendoz_desarrollodb.data.VistaDashboardNoCalificadosId</value>
                        <value>com.aprendoz_desarrollodb.data.AccStudentCardAuthorizationId</value>
                        <value>com.aprendoz_desarrollodb.data.ServiciosListadoServiciosAlumnosId</value>
                        <value>com.aprendoz_desarrollodb.data.PadresVistaCalifFinalId</value>
                        <value>com.aprendoz_desarrollodb.data.VistaEventualidadesNotificacionesFamiliaId</value>
                        <value>com.aprendoz_desarrollodb.data.VistaMatriculasGraficasTotalDiaId</value>
                        <value>com.aprendoz_desarrollodb.data.DocentesVistaInscAlumnAsigDemograficaId</value>
                        <value>com.aprendoz_desarrollodb.data.AdministracionVistaPersonasId</value>
                        <value>com.aprendoz_desarrollodb.data.VistaPersonasGrupoFamiliarId</value>
                        <value>com.aprendoz_desarrollodb.data.DocentesVistaCalificacionFinalId</value>
                        <value>com.aprendoz_desarrollodb.data.PadresVistaInscAlumAsigId</value>
                        <value>com.aprendoz_desarrollodb.data.VProfesorAsignaturaCompletoId</value>
                        <value>com.aprendoz_desarrollodb.data.DocentesVistaPersonasDemograficaId</value>
                        <value>com.aprendoz_desarrollodb.data.DocentesAsistenciaAsistenciasId</value>
                        <value>com.aprendoz_desarrollodb.data.TmpEnrLogId</value>
                        <value>com.aprendoz_desarrollodb.data.DocentesVistaInscAlumnAsigId</value>
                        <value>com.aprendoz_desarrollodb.data.DocentesVistaAsignaturaGradoId</value>
                        <value>com.aprendoz_desarrollodb.data.InscipcionesVistaAsignaturasId</value>
                        <value>com.aprendoz_desarrollodb.data.PadresVistaActividadesId</value>
                        <value>com.aprendoz_desarrollodb.data.CoordinacionId</value>
                        <value>com.aprendoz_desarrollodb.data.AprEsperadosId</value>
                        <value>com.aprendoz_desarrollodb.data.TmpBoletin20122013Id</value>
                        <value>com.aprendoz_desarrollodb.data.DocentesInscCursoAsignaturaId</value>
                        <value>com.aprendoz_desarrollodb.data.DocentesVistaAsignaturasId</value>
                        <value>com.aprendoz_desarrollodb.data.CoordinadoresId</value>
                        <value>com.aprendoz_desarrollodb.data.VistaAlumnosActivosId</value>
                        <value>com.aprendoz_desarrollodb.data.InscAlumAsigCursoCompletoId</value>
                        <value>com.aprendoz_desarrollodb.data.PadresVistaAprendizajesId</value>
                        <value>com.aprendoz_desarrollodb.data.VistaAlumnosActivosPrejardinNuevosId</value>
                        <value>com.aprendoz_desarrollodb.data.VProfesorAsignaturaId</value>
                        <value>com.aprendoz_desarrollodb.data.PadresVistaPersonasPromocionId</value>
                        <value>com.aprendoz_desarrollodb.data.DocentesVistaAprendizajesAsignaturaId</value>
                        <value>com.aprendoz_desarrollodb.data.InscAlumAsigCursoId</value>
                        <value>com.aprendoz_desarrollodb.data.VistaDashboardAvanzadosYMagistralesId</value>
                        <value>com.aprendoz_desarrollodb.data.DocentesVistaDristribucionAlumnosCursosId</value>
                        <value>com.aprendoz_desarrollodb.data.BisUsersId</value>
                        <value>com.aprendoz_desarrollodb.data.PromocionVistaInscAlumnCursoId</value>
                        <value>com.aprendoz_desarrollodb.data.PadresVistaPersonasId</value>
                        <value>com.aprendoz_desarrollodb.data.DocentesInicioVistaDetallesAccesoId</value>
                        <value>com.aprendoz_desarrollodb.data.AdministracionVistaAsignaturasId</value>
                        <value>com.aprendoz_desarrollodb.data.VistaEnvioCorreoId</value>
                        <value>com.aprendoz_desarrollodb.data.AprLogradosId</value>
                        <value>com.aprendoz_desarrollodb.data.PadresVistaRecursosId</value>
                        <value>com.aprendoz_desarrollodb.data.VistaInscAlumnCursoId</value>
                        <value>com.aprendoz_desarrollodb.data.output.GetDetailsUserRtnType</value>
                    </list>
                </entry>
                <entry key="securityService">
                    <list/>
                </entry>
            </map>
        </property>
    </bean>
</beans>
