<!DOCTYPE hibernate-mapping PUBLIC "-//Hibernate/Hibernate Mapping DTD 3.0//EN" "http://hibernate.sourceforge.net/hibernate-mapping-3.0.dtd">
<hibernate-mapping>
    <class name="com.aprendoz_desarrollodb.data.DimensionComprension" table="Dimension_Comprension" catalog="aprendoz_desarrollo" dynamic-insert="false" dynamic-update="false">
        <id name="idDimension" type="integer">
            <column name="Id_Dimension"/>
            <generator class="assigned"/>
        </id>
        <property name="dimensionComprension" type="string">
            <column name="Dimension_Comprension" length="45"/>
        </property>
        <set name="aprendizajes" inverse="true" cascade="">
            <key>
                <column name="Dimension_Comprension_Id_Dimension" not-null="true"/>
            </key>
            <one-to-many class="com.aprendoz_desarrollodb.data.Aprendizaje"/>
        </set>
    </class>
</hibernate-mapping>