<!DOCTYPE hibernate-mapping PUBLIC "-//Hibernate/Hibernate Mapping DTD 3.0//EN" "http://hibernate.sourceforge.net/hibernate-mapping-3.0.dtd">
<hibernate-mapping>
    <class name="com.aprendoz_desarrollodb.data.Periodo" table="Periodo" catalog="aprendoz_desarrollo" dynamic-insert="false" dynamic-update="false">
        <id name="idPeriodo" type="integer">
            <column name="Id_Periodo"/>
            <generator class="assigned"/>
        </id>
        <property name="periodo" type="string">
            <column name="Periodo" length="45"/>
        </property>
        <property name="fechaInicio" type="date">
            <column name="Fecha_Inicio" length="10"/>
        </property>
        <property name="fechaFin" type="date">
            <column name="Fecha_Fin" length="10"/>
        </property>
        <many-to-one name="tipoPeriodo" class="com.aprendoz_desarrollodb.data.TipoPeriodo">
            <column name="Tipo_Periodo_Id_Tipo_Periodo" not-null="true"/>
        </many-to-one>
        <many-to-one name="sy" class="com.aprendoz_desarrollodb.data.Sy">
            <column name="SY_Id_SY" not-null="true"/>
        </many-to-one>
        <set name="inscAlumAsigCopies" inverse="true" cascade="">
            <key>
                <column name="Periodo_Id_Periodo" not-null="true"/>
            </key>
            <one-to-many class="com.aprendoz_desarrollodb.data.InscAlumAsigCopy"/>
        </set>
        <set name="inscAlumAsigCopy2s" inverse="true" cascade="">
            <key>
                <column name="Periodo_Id_Periodo" not-null="true"/>
            </key>
            <one-to-many class="com.aprendoz_desarrollodb.data.InscAlumAsigCopy2"/>
        </set>
        <set name="inscCursoAsigs" inverse="true" cascade="">
            <key>
                <column name="Periodo_Id_Periodo" not-null="true"/>
            </key>
            <one-to-many class="com.aprendoz_desarrollodb.data.InscCursoAsig"/>
        </set>
        <set name="inscAlumAsigs" inverse="true" cascade="">
            <key>
                <column name="Periodo_Id_Periodo" not-null="true"/>
            </key>
            <one-to-many class="com.aprendoz_desarrollodb.data.InscAlumAsig"/>
        </set>
    </class>
</hibernate-mapping>